date_only,total_messages,economic_messages,counted_messages,econ_share,EAI,EAI_z,EAI_100,ESI,ESI_z,ESI_100,avg_engagement
2026-09-02,154,78,72,0.5064935064935064,0.38261316363982995,0.7730304262826505,117.16415078081744,0.35524828001163794,1.1882086430311984,67.7624140005819,9.347047788671311
2026-09-03,167,85,76,0.5089820359281437,0.36727987031196774,0.5615624777230076,112.46877575936816,0.36092820276973875,1.2802663773569034,68.04641013848693,9.139674667392365
2026-09-04,166,79,68,0.4759036144578313,0.32136920520642004,-0.07161096775183687,98.4099701560733,0.20937520396080708,-1.1760391561503019,60.46876019804035,9.147281541776893
2026-09-05,124,39,34,0.31451612903225806,0.20719487357892827,-1.6462375773896682,63.4474025359614,0.27854728736214607,-0.054927910854920305,63.927364368107305,9.008044950284411
2026-09-06,63,13,13,0.20634920634920634,0.16153591735845318,-2.2759395989230025,49.46567545626718,0.223283543217505,-0.950618801907142,61.164177160875255,9.901573434974267
2026-09-07,162,67,63,0.41358024691358025,0.30072904328221717,-0.3562681908755122,92.08952100889178,0.2565674671903274,-0.41116734087502516,62.82837335951636,8.971617741285419
2026-09-08,184,101,96,0.5489130434782609,0.40694655967271887,1.1086226066796716,124.61554543406181,0.3088795100067688,0.4366836501904056,65.44397550033844,8.734068902483498
2026-09-09,152,75,70,0.4934210526315789,0.3575601548535327,0.4275137613364363,109.49239565606693,0.3193274190834876,0.6060188469889805,65.96637095417438,8.853254193939962
2026-09-10,191,79,77,0.41361256544502617,0.3210717021244125,-0.0757139588769064,98.31886849185847,0.29627746252175335,0.23243510866210915,64.81387312608766,8.679736942392635
2026-09-11,186,96,92,0.5161290322580645,0.3831300693323318,0.7801592918208543,117.32243811186379,0.2779561991190848,-0.06450801374719542,63.897809955954244,8.445291868910818
2026-09-12,135,51,48,0.37777777777777777,0.27513835127715364,-0.7092002730329033,84.25311604011459,0.3393167452980048,0.9299972108463744,66.96583726490024,8.375444184438452
2026-09-13,81,23,23,0.2839506172839506,0.21644920042596036,-1.518607232636122,66.2812709156215,0.3079695688367168,0.4219357168025443,65.39847844183583,9.052483733199256
2026-09-14,173,83,77,0.4797687861271676,0.36318353513622265,0.5050681827463724,111.21439227811511,0.21386569871020714,-1.1032591571544235,60.69328493551036,8.57895412968405
2026-09-15,191,102,96,0.5340314136125655,0.3909735896360577,0.8883326054494981,119.72428802935178,0.23477717720805621,-0.7643349474603526,61.738858860402814,8.453217040559279
2026-09-16,154,76,71,0.4935064935064935,0.36257621623508945,0.4966923903188732,111.02841853213238,0.35411110395930173,1.1697777848371822,67.70555519796508,9.132462386501679
2026-09-17,154,76,65,0.4935064935064935,0.33936251134100925,0.17654234509016828,103.91989671725909,0.1946790968499265,-1.4142273114568213,59.73395484249633,8.772852655208533
2026-09-18,192,99,89,0.515625,0.3667304410592517,0.5539850659781087,112.30052903414774,0.32212619894374556,0.6513802618857404,66.10630994718728,8.593114529263305
2026-09-19,125,78,77,0.624,0.5036887338144209,2.4428349423800118,154.24002194233043,0.3732594758583613,1.4801263244435257,68.66297379291805,8.714431520197133
2026-09-20,95,28,28,0.29473684210526313,0.2332291291317502,-1.287188122304319,71.4196359375506,0.1382132565602434,-2.329401257520029,56.91066282801217,8.993251416669866
2026-09-21,136,57,48,0.41911764705882354,0.2766844756295254,-0.6878770166376151,84.7265716447882,0.25483179052345106,-0.4392984384760874,62.74158952617255,9.255344666339544
2026-09-22,168,78,72,0.4642857142857143,0.3251632046117974,-0.01928631355417863,99.57177210288873,0.2226437973310069,-0.9609875268640455,61.13218986655035,9.170370717628888
2026-09-23,179,95,86,0.5307262569832403,0.3825931297814538,0.77275413084879,117.15801599449391,0.37256572886479283,1.4688823728718083,68.62828644323965,9.000320571517998
2026-09-24,217,106,95,0.48847926267281105,0.350573326256356,0.33115544621191906,107.35288265172628,0.3313388004007908,0.800694126439921,66.56694002003954,8.636193943390445
2026-09-25,171,76,65,0.4444444444444444,0.3012300929891642,-0.34935800195595595,92.24295290562779,0.2710263656060059,-0.17682376162572722,63.55131828030029,9.10954211257783
2026-09-26,90,29,28,0.32222222222222224,0.267034318912854,-0.8209664189283415,81.77149188262159,0.23129251789266844,-0.8208128002646085,61.564625894633416,8.957562943909144
