period_type,period,start,end,days,days_expected,posts,nonad,econ,pos,neu,neg,EAI,ESI,note
kun,2026-01-01,2026-01-01,2026-01-01,1,1,316,306,60,42,9,9,19.6,55.0,
kun,2026-01-02,2026-01-02,2026-01-02,1,1,347,332,88,48,20,20,26.5,31.8,yig'ilmagan kanal: @iqtisodchi_kundaligi
kun,2026-01-03,2026-01-03,2026-01-03,1,1,399,381,48,13,8,27,12.6,-29.2,
kun,2026-01-04,2026-01-04,2026-01-04,1,1,295,283,47,17,9,21,16.6,-8.5,"yig'ilmagan kanal: @iqtisodchi_kundaligi, @mirkonomika"
hafta,2026-W01,2025-12-29,2026-01-04,4,7,1357,1302,243,120,46,77,18.7,17.7,3 kun ma'lumotsiz
kun,2026-01-05,2026-01-05,2026-01-05,1,1,436,415,130,61,28,41,31.3,15.4,
kun,2026-01-06,2026-01-06,2026-01-06,1,1,469,439,101,37,17,47,23.0,-9.9,"yig'ilmagan kanal: @davletovuz, @uzbekonomics"
kun,2026-01-07,2026-01-07,2026-01-07,1,1,464,440,110,31,34,45,25.0,-12.7,yig'ilmagan kanal: @uzbekonomics
kun,2026-01-08,2026-01-08,2026-01-08,1,1,458,435,94,40,17,37,21.6,3.2,"yig'ilmagan kanal: @davletovuz, @uzbekonomics"
kun,2026-01-09,2026-01-09,2026-01-09,1,1,482,454,108,42,36,30,23.8,11.1,yig'ilmagan kanal: @davletovuz
kun,2026-01-10,2026-01-10,2026-01-10,1,1,358,339,61,13,25,23,18.0,-16.4,"yig'ilmagan kanal: @davletovuz, @mirkonomika"
kun,2026-01-11,2026-01-11,2026-01-11,1,1,306,285,44,12,6,26,15.4,-31.8,"yig'ilmagan kanal: @davletovuz, @mirkonomika, @uzbekonomics, @xushnudbek"
hafta,2026-W02,2026-01-05,2026-01-11,7,7,2973,2807,648,236,163,249,23.1,-2.0,
kun,2026-01-12,2026-01-12,2026-01-12,1,1,472,442,97,55,17,25,21.9,30.9,
kun,2026-01-13,2026-01-13,2026-01-13,1,1,554,521,109,81,17,11,20.9,64.2,
kun,2026-01-14,2026-01-14,2026-01-14,1,1,515,481,91,51,20,20,18.9,34.1,yig'ilmagan kanal: @uzbekonomics
kun,2026-01-15,2026-01-15,2026-01-15,1,1,519,486,168,85,32,51,34.6,20.2,yig'ilmagan kanal: @mirkonomika
kun,2026-01-16,2026-01-16,2026-01-16,1,1,538,481,124,51,21,52,25.8,-0.8,"yig'ilmagan kanal: @iqtisodchi_kundaligi, @mirkonomika"
kun,2026-01-17,2026-01-17,2026-01-17,1,1,403,373,78,47,16,15,20.9,41.0,yig'ilmagan kanal: @mirkonomika
kun,2026-01-18,2026-01-18,2026-01-18,1,1,284,263,42,21,13,8,16.0,31.0,"yig'ilmagan kanal: @davletovuz, @mirkonomika, @uzbekonomics, @xushnudbek"
hafta,2026-W03,2026-01-12,2026-01-18,7,7,3285,3047,709,391,136,182,23.3,29.5,
kun,2026-01-19,2026-01-19,2026-01-19,1,1,497,447,105,51,20,34,23.5,16.2,
kun,2026-01-20,2026-01-20,2026-01-20,1,1,548,498,129,72,18,39,25.9,25.6,
kun,2026-01-21,2026-01-21,2026-01-21,1,1,538,491,161,79,24,58,32.8,13.0,
kun,2026-01-22,2026-01-22,2026-01-22,1,1,522,470,117,57,12,48,24.9,7.7,yig'ilmagan kanal: @iqtisodchi_kundaligi
kun,2026-01-23,2026-01-23,2026-01-23,1,1,527,473,135,98,24,13,28.5,63.0,
kun,2026-01-24,2026-01-24,2026-01-24,1,1,410,379,65,48,7,10,17.2,58.5,yig'ilmagan kanal: @mirkonomika
kun,2026-01-25,2026-01-25,2026-01-25,1,1,336,308,56,30,6,20,18.2,17.9,yig'ilmagan kanal: @mirkonomika
hafta,2026-W04,2026-01-19,2026-01-25,7,7,3378,3066,768,435,111,222,25.0,27.7,
kun,2026-01-26,2026-01-26,2026-01-26,1,1,488,454,121,41,31,49,26.7,-6.6,yig'ilmagan kanal: @davletovuz
kun,2026-01-27,2026-01-27,2026-01-27,1,1,681,630,156,100,21,35,24.8,41.7,
kun,2026-01-28,2026-01-28,2026-01-28,1,1,616,565,132,49,50,33,23.4,12.1,yig'ilmagan kanal: @uzbekonomics
kun,2026-01-29,2026-01-29,2026-01-29,1,1,537,494,138,78,24,36,27.9,30.4,yig'ilmagan kanal: @uzbekonomics
kun,2026-01-30,2026-01-30,2026-01-30,1,1,587,520,155,74,34,47,29.8,17.4,
kun,2026-01-31,2026-01-31,2026-01-31,1,1,441,417,67,25,24,18,16.1,10.4,
oy,2026-01,2026-01-01,2026-01-31,31,31,14343,13302,3137,1549,640,948,23.6,19.2,
hafta,2026-W05,2026-01-26,2026-02-01,6,7,3350,3080,769,367,184,218,25.0,19.4,1 kun ma'lumotsiz
chorak,2026-Q1,2026-01-01,2026-03-31,31,90,14343,13302,3137,1549,640,948,23.6,19.2,59 kun ma'lumotsiz
